{
  "full_scale": {
    "matrix_dim": 4914,
    "n_countries": 189,
    "n_sectors": 26,
    "total_global_direct_CO2_Gt": 33.32,
    "spectral_radius_raw": 13288.0,
    "spectral_radius_regularized": 0.9459196548684955,
    "condition_number_full": 34.93355227808689,
    "n_artifact_sectors": 33,
    "USA_footprint_Gt": 6.442518157810952,
    "USA_emitted_in_CHN_Gt": 0.4669433333885058,
    "CHN_footprint_Gt": 8.27193172199884,
    "CHN_emitted_in_USA_Gt": 0.07524124344994434,
    "asymmetry_ratio": 6.205949183962499
  },
  "quantum_4x4": {
    "kappa": 3.8035299947536987,
    "n_qubits": 12,
    "n_clock": 9,
    "circuit_depth": 533,
    "rel_L2_error": 0.042579224025679964,
    "E_classical_Gt": 5.1234861230236,
    "E_hhl_Gt": 4.442693217540191,
    "agreement_pct": 86.71231093172861
  }
}